{
  "train_losses": [
    100.40964699898997,
    60.623105292166436
  ],
  "vali_losses": [
    74.60653610844766,
    45.30170026492047
  ],
  "vali_accuracies": [
    0.5583333333333333,
    0.5583333333333333
  ]
}