{
  "train_losses": [
    100.05833347812775,
    59.80606175207323,
    36.49568168455555,
    22.39029270479756,
    13.752620234950896,
    8.430028991314673,
    5.110195018476055,
    3.0135834219186535,
    1.6674806690985156,
    0.7512043390350958,
    0.05190623168022402,
    -0.5764324970783726,
    -1.1960451731951005,
    -1.8162962314198094,
    -2.4371267062425614,
    -3.0579821996535026,
    -3.6788306428540136,
    -4.29965994627245,
    -4.920507964395708,
    -5.5413491768221705
  ],
  "vali_losses": [
    74.06511552051832,
    44.255861512050835,
    26.42395376287481,
    15.574320099687064,
    8.891611140774142,
    4.756804172454342,
    2.156083232100292,
    0.5049107208046862,
    -0.5811289818056168,
    -1.3563892379883797,
    -2.0014998830774777,
    -2.6217917955049903,
    -3.2413013704361453,
    -3.86226804999895,
    -4.4830220509600895,
    -5.103700765999415,
    -5.7247045404167585,
    -6.345592510572044,
    -6.966433515856343,
    -7.58713608864815
  ],
  "vali_accuracies": [
    0.5583333333333333,
    0.5583333333333333,
    0.5583333333333333,
    0.5583333333333333,
    0.5583333333333333,
    0.5583333333333333,
    0.5583333333333333,
    0.5583333333333333,
    0.5583333333333333,
    0.5583333333333333,
    0.5583333333333333,
    0.5583333333333333,
    0.5583333333333333,
    0.5583333333333333,
    0.5583333333333333,
    0.5583333333333333,
    0.5583333333333333,
    0.5583333333333333,
    0.5583333333333333,
    0.5583333333333333
  ]
}